b3062b28-a0e5-4eae-8072-a269346f6e47,https://backend.trak.codes/api/v0/pdf/single-case?source=GSheets&filename=pass.pdf&cextid=b3062b28-a0e5-4eae-8072-a269346f6e47&inline=true,Registered,https://api.qrserver.com/v1/create-qr-code/?size=4000x4000&data=b3062b28-a0e5-4eae-8072-a269346f6e47
0fbf316e-08b1-4af8-96e4-d44679ffe84c,https://backend.trak.codes/api/v0/pdf/single-case?source=GSheets&filename=pass.pdf&cextid=0fbf316e-08b1-4af8-96e4-d44679ffe84c&inline=true,Registered,https://api.qrserver.com/v1/create-qr-code/?size=4000x4000&data=0fbf316e-08b1-4af8-96e4-d44679ffe84c
67fc9b18-50c8-48e1-b607-81b6154d9872,https://backend.trak.codes/api/v0/pdf/single-case?source=GSheets&filename=pass.pdf&cextid=67fc9b18-50c8-48e1-b607-81b6154d9872&inline=true,Registered,https://api.qrserver.com/v1/create-qr-code/?size=4000x4000&data=67fc9b18-50c8-48e1-b607-81b6154d9872
ca66a7f1-53dd-4427-87f8-88720666c640,https://backend.trak.codes/api/v0/pdf/single-case?source=GSheets&filename=pass.pdf&cextid=ca66a7f1-53dd-4427-87f8-88720666c640&inline=true,Registered,https://api.qrserver.com/v1/create-qr-code/?size=4000x4000&data=ca66a7f1-53dd-4427-87f8-88720666c640
dbc23362-11a4-4038-bb50-cdc0cc048602,https://backend.trak.codes/api/v0/pdf/single-case?source=GSheets&filename=pass.pdf&cextid=dbc23362-11a4-4038-bb50-cdc0cc048602&inline=true,Registered,https://api.qrserver.com/v1/create-qr-code/?size=4000x4000&data=dbc23362-11a4-4038-bb50-cdc0cc048602
89c9bd7f-9cf7-4202-b59e-206c36ef4329,https://backend.trak.codes/api/v0/pdf/single-case?source=GSheets&filename=pass.pdf&cextid=89c9bd7f-9cf7-4202-b59e-206c36ef4329&inline=true,Registered,https://api.qrserver.com/v1/create-qr-code/?size=4000x4000&data=89c9bd7f-9cf7-4202-b59e-206c36ef4329
aab6a284-bb21-4cf9-a184-c0a830ff67a8,https://backend.trak.codes/api/v0/pdf/single-case?source=GSheets&filename=pass.pdf&cextid=aab6a284-bb21-4cf9-a184-c0a830ff67a8&inline=true,Registered,https://api.qrserver.com/v1/create-qr-code/?size=4000x4000&data=aab6a284-bb21-4cf9-a184-c0a830ff67a8
9913c76e-447e-4672-9f7d-ce7fa2e268f8,https://backend.trak.codes/api/v0/pdf/single-case?source=GSheets&filename=pass.pdf&cextid=9913c76e-447e-4672-9f7d-ce7fa2e268f8&inline=true,Registered,https://api.qrserver.com/v1/create-qr-code/?size=4000x4000&data=9913c76e-447e-4672-9f7d-ce7fa2e268f8
fec508b4-4ce7-4f14-8753-f88d79e50726,https://backend.trak.codes/api/v0/pdf/single-case?source=GSheets&filename=pass.pdf&cextid=fec508b4-4ce7-4f14-8753-f88d79e50726&inline=true,Registered,https://api.qrserver.com/v1/create-qr-code/?size=4000x4000&data=fec508b4-4ce7-4f14-8753-f88d79e50726
de381211-be27-469a-bea1-fefdb113a410,https://backend.trak.codes/api/v0/pdf/single-case?source=GSheets&filename=pass.pdf&cextid=de381211-be27-469a-bea1-fefdb113a410&inline=true,Registered,https://api.qrserver.com/v1/create-qr-code/?size=4000x4000&data=de381211-be27-469a-bea1-fefdb113a410
d7371e7c-682f-47da-8ede-2db2d70f8471,https://backend.trak.codes/api/v0/pdf/single-case?source=GSheets&filename=pass.pdf&cextid=d7371e7c-682f-47da-8ede-2db2d70f8471&inline=true,Registered,https://api.qrserver.com/v1/create-qr-code/?size=4000x4000&data=d7371e7c-682f-47da-8ede-2db2d70f8471
8d08c1d1-74e2-4bda-81b3-f37f8c9374fd,https://backend.trak.codes/api/v0/pdf/single-case?source=GSheets&filename=pass.pdf&cextid=8d08c1d1-74e2-4bda-81b3-f37f8c9374fd&inline=true,Registered,https://api.qrserver.com/v1/create-qr-code/?size=4000x4000&data=8d08c1d1-74e2-4bda-81b3-f37f8c9374fd
6bbc2dfd-d022-4797-9395-b555a3021cb9,https://backend.trak.codes/api/v0/pdf/single-case?source=GSheets&filename=pass.pdf&cextid=6bbc2dfd-d022-4797-9395-b555a3021cb9&inline=true,Registered,https://api.qrserver.com/v1/create-qr-code/?size=4000x4000&data=6bbc2dfd-d022-4797-9395-b555a3021cb9
f79a999d-ff56-477e-8fa3-08a2b4eac434,https://backend.trak.codes/api/v0/pdf/single-case?source=GSheets&filename=pass.pdf&cextid=f79a999d-ff56-477e-8fa3-08a2b4eac434&inline=true,Registered,https://api.qrserver.com/v1/create-qr-code/?size=4000x4000&data=f79a999d-ff56-477e-8fa3-08a2b4eac434
e342b424-bca6-4465-8d37-67889d0fe298,https://backend.trak.codes/api/v0/pdf/single-case?source=GSheets&filename=pass.pdf&cextid=e342b424-bca6-4465-8d37-67889d0fe298&inline=true,Registered,https://api.qrserver.com/v1/create-qr-code/?size=4000x4000&data=e342b424-bca6-4465-8d37-67889d0fe298
bdb58abb-6882-4d40-902c-0b84e09c66f2,https://backend.trak.codes/api/v0/pdf/single-case?source=GSheets&filename=pass.pdf&cextid=bdb58abb-6882-4d40-902c-0b84e09c66f2&inline=true,Registered,https://api.qrserver.com/v1/create-qr-code/?size=4000x4000&data=bdb58abb-6882-4d40-902c-0b84e09c66f2
6de43340-8911-44fd-a1d1-094aff2b1cdb,https://backend.trak.codes/api/v0/pdf/single-case?source=GSheets&filename=pass.pdf&cextid=6de43340-8911-44fd-a1d1-094aff2b1cdb&inline=true,Registered,https://api.qrserver.com/v1/create-qr-code/?size=4000x4000&data=6de43340-8911-44fd-a1d1-094aff2b1cdb
b7fc7dc5-1c19-4122-9373-1747b9c688f7,https://backend.trak.codes/api/v0/pdf/single-case?source=GSheets&filename=pass.pdf&cextid=b7fc7dc5-1c19-4122-9373-1747b9c688f7&inline=true,Registered,https://api.qrserver.com/v1/create-qr-code/?size=4000x4000&data=b7fc7dc5-1c19-4122-9373-1747b9c688f7
5ce16567-da1a-4256-b071-0dd2120d2827,https://backend.trak.codes/api/v0/pdf/single-case?source=GSheets&filename=pass.pdf&cextid=5ce16567-da1a-4256-b071-0dd2120d2827&inline=true,Registered,https://api.qrserver.com/v1/create-qr-code/?size=4000x4000&data=5ce16567-da1a-4256-b071-0dd2120d2827
0feb3323-be53-4706-9224-77a5415486d9,https://backend.trak.codes/api/v0/pdf/single-case?source=GSheets&filename=pass.pdf&cextid=0feb3323-be53-4706-9224-77a5415486d9&inline=true,Registered,https://api.qrserver.com/v1/create-qr-code/?size=4000x4000&data=0feb3323-be53-4706-9224-77a5415486d9
4924831d-8355-4219-9d49-a0888c2310e0,https://backend.trak.codes/api/v0/pdf/single-case?source=GSheets&filename=pass.pdf&cextid=4924831d-8355-4219-9d49-a0888c2310e0&inline=true,Registered,https://api.qrserver.com/v1/create-qr-code/?size=4000x4000&data=4924831d-8355-4219-9d49-a0888c2310e0
dfb72529-9cf3-48aa-8603-3ecdf3e5abf7,https://backend.trak.codes/api/v0/pdf/single-case?source=GSheets&filename=pass.pdf&cextid=dfb72529-9cf3-48aa-8603-3ecdf3e5abf7&inline=true,Registered,https://api.qrserver.com/v1/create-qr-code/?size=4000x4000&data=dfb72529-9cf3-48aa-8603-3ecdf3e5abf7
00196327-18a4-40c6-bbbb-92f96d220192,https://backend.trak.codes/api/v0/pdf/single-case?source=GSheets&filename=pass.pdf&cextid=00196327-18a4-40c6-bbbb-92f96d220192&inline=true,Registered,https://api.qrserver.com/v1/create-qr-code/?size=4000x4000&data=00196327-18a4-40c6-bbbb-92f96d220192
3a7edad6-9258-4a3c-9dbd-80c716f81a33,https://backend.trak.codes/api/v0/pdf/single-case?source=GSheets&filename=pass.pdf&cextid=3a7edad6-9258-4a3c-9dbd-80c716f81a33&inline=true,Registered,https://api.qrserver.com/v1/create-qr-code/?size=4000x4000&data=3a7edad6-9258-4a3c-9dbd-80c716f81a33
36313bc6-9691-4175-9c37-24aaf01b7d50,https://backend.trak.codes/api/v0/pdf/single-case?source=GSheets&filename=pass.pdf&cextid=36313bc6-9691-4175-9c37-24aaf01b7d50&inline=true,Registered,https://api.qrserver.com/v1/create-qr-code/?size=4000x4000&data=36313bc6-9691-4175-9c37-24aaf01b7d50
bfa368c9-9220-47bc-9708-9b883abb6db3,https://backend.trak.codes/api/v0/pdf/single-case?source=GSheets&filename=pass.pdf&cextid=bfa368c9-9220-47bc-9708-9b883abb6db3&inline=true,Registered,https://api.qrserver.com/v1/create-qr-code/?size=4000x4000&data=bfa368c9-9220-47bc-9708-9b883abb6db3
9914ddf8-7597-4a71-bccc-685177688898,https://backend.trak.codes/api/v0/pdf/single-case?source=GSheets&filename=pass.pdf&cextid=9914ddf8-7597-4a71-bccc-685177688898&inline=true,Registered,https://api.qrserver.com/v1/create-qr-code/?size=4000x4000&data=9914ddf8-7597-4a71-bccc-685177688898
47eaca66-1c4b-4bbb-a840-f0dc4eca00b7,https://backend.trak.codes/api/v0/pdf/single-case?source=GSheets&filename=pass.pdf&cextid=47eaca66-1c4b-4bbb-a840-f0dc4eca00b7&inline=true,Registered,https://api.qrserver.com/v1/create-qr-code/?size=4000x4000&data=47eaca66-1c4b-4bbb-a840-f0dc4eca00b7
5479bf77-202c-4eab-b6bb-b89d2d3df810,https://backend.trak.codes/api/v0/pdf/single-case?source=GSheets&filename=pass.pdf&cextid=5479bf77-202c-4eab-b6bb-b89d2d3df810&inline=true,Registered,https://api.qrserver.com/v1/create-qr-code/?size=4000x4000&data=5479bf77-202c-4eab-b6bb-b89d2d3df810
01d6df33-9c58-49f2-b88a-abac1c6630e0,https://backend.trak.codes/api/v0/pdf/single-case?source=GSheets&filename=pass.pdf&cextid=01d6df33-9c58-49f2-b88a-abac1c6630e0&inline=true,Registered,https://api.qrserver.com/v1/create-qr-code/?size=4000x4000&data=01d6df33-9c58-49f2-b88a-abac1c6630e0
42ee3abf-4604-4f73-82c7-5c80ab8fb4c1,https://backend.trak.codes/api/v0/pdf/single-case?source=GSheets&filename=pass.pdf&cextid=42ee3abf-4604-4f73-82c7-5c80ab8fb4c1&inline=true,Registered,https://api.qrserver.com/v1/create-qr-code/?size=4000x4000&data=42ee3abf-4604-4f73-82c7-5c80ab8fb4c1
2c5624e9-9b2d-4fd5-ad65-ddaf1216bb3c,https://backend.trak.codes/api/v0/pdf/single-case?source=GSheets&filename=pass.pdf&cextid=2c5624e9-9b2d-4fd5-ad65-ddaf1216bb3c&inline=true,Registered,https://api.qrserver.com/v1/create-qr-code/?size=4000x4000&data=2c5624e9-9b2d-4fd5-ad65-ddaf1216bb3c
42261a1b-0775-4dd4-8e7e-0d14ed6419dc,https://backend.trak.codes/api/v0/pdf/single-case?source=GSheets&filename=pass.pdf&cextid=42261a1b-0775-4dd4-8e7e-0d14ed6419dc&inline=true,Registered,https://api.qrserver.com/v1/create-qr-code/?size=4000x4000&data=42261a1b-0775-4dd4-8e7e-0d14ed6419dc
b34cee2d-227a-4c03-ab7e-96463e485184,https://backend.trak.codes/api/v0/pdf/single-case?source=GSheets&filename=pass.pdf&cextid=b34cee2d-227a-4c03-ab7e-96463e485184&inline=true,Registered,https://api.qrserver.com/v1/create-qr-code/?size=4000x4000&data=b34cee2d-227a-4c03-ab7e-96463e485184
003100f6-675d-4a04-9241-4058826ace90,https://backend.trak.codes/api/v0/pdf/single-case?source=GSheets&filename=pass.pdf&cextid=003100f6-675d-4a04-9241-4058826ace90&inline=true,Registered,https://api.qrserver.com/v1/create-qr-code/?size=4000x4000&data=003100f6-675d-4a04-9241-4058826ace90
2da10dcf-1118-4b73-bbbf-5b8ef7ba8168,https://backend.trak.codes/api/v0/pdf/single-case?source=GSheets&filename=pass.pdf&cextid=2da10dcf-1118-4b73-bbbf-5b8ef7ba8168&inline=true,Registered,https://api.qrserver.com/v1/create-qr-code/?size=4000x4000&data=2da10dcf-1118-4b73-bbbf-5b8ef7ba8168
93cfd065-9c54-4f34-8f16-2b64eff7a0c4,https://backend.trak.codes/api/v0/pdf/single-case?source=GSheets&filename=pass.pdf&cextid=93cfd065-9c54-4f34-8f16-2b64eff7a0c4&inline=true,Registered,https://api.qrserver.com/v1/create-qr-code/?size=4000x4000&data=93cfd065-9c54-4f34-8f16-2b64eff7a0c4
95e02dcb-73ef-4068-b90c-5bab56a93acd,https://backend.trak.codes/api/v0/pdf/single-case?source=GSheets&filename=pass.pdf&cextid=95e02dcb-73ef-4068-b90c-5bab56a93acd&inline=true,Registered,https://api.qrserver.com/v1/create-qr-code/?size=4000x4000&data=95e02dcb-73ef-4068-b90c-5bab56a93acd
8a052b55-6380-40c8-86e0-7cae3433d24f,https://backend.trak.codes/api/v0/pdf/single-case?source=GSheets&filename=pass.pdf&cextid=8a052b55-6380-40c8-86e0-7cae3433d24f&inline=true,Registered,https://api.qrserver.com/v1/create-qr-code/?size=4000x4000&data=8a052b55-6380-40c8-86e0-7cae3433d24f
eb04fe0c-f5ff-445d-8441-25b39e680f71,https://backend.trak.codes/api/v0/pdf/single-case?source=GSheets&filename=pass.pdf&cextid=eb04fe0c-f5ff-445d-8441-25b39e680f71&inline=true,Registered,https://api.qrserver.com/v1/create-qr-code/?size=4000x4000&data=eb04fe0c-f5ff-445d-8441-25b39e680f71
cb497a88-5735-4dd1-8e76-8b12e836949e,https://backend.trak.codes/api/v0/pdf/single-case?source=GSheets&filename=pass.pdf&cextid=cb497a88-5735-4dd1-8e76-8b12e836949e&inline=true,Registered,https://api.qrserver.com/v1/create-qr-code/?size=4000x4000&data=cb497a88-5735-4dd1-8e76-8b12e836949e
028f6abc-cd8d-4b44-957e-1db69738b1ff,https://backend.trak.codes/api/v0/pdf/single-case?source=GSheets&filename=pass.pdf&cextid=028f6abc-cd8d-4b44-957e-1db69738b1ff&inline=true,Registered,https://api.qrserver.com/v1/create-qr-code/?size=4000x4000&data=028f6abc-cd8d-4b44-957e-1db69738b1ff
4f255792-b93a-4e36-ae0a-d02299cf1698,https://backend.trak.codes/api/v0/pdf/single-case?source=GSheets&filename=pass.pdf&cextid=4f255792-b93a-4e36-ae0a-d02299cf1698&inline=true,Registered,https://api.qrserver.com/v1/create-qr-code/?size=4000x4000&data=4f255792-b93a-4e36-ae0a-d02299cf1698
9bbdc020-ebf9-4bbc-ba83-03abaf64cec9,https://backend.trak.codes/api/v0/pdf/single-case?source=GSheets&filename=pass.pdf&cextid=9bbdc020-ebf9-4bbc-ba83-03abaf64cec9&inline=true,Registered,https://api.qrserver.com/v1/create-qr-code/?size=4000x4000&data=9bbdc020-ebf9-4bbc-ba83-03abaf64cec9
d23b71d2-5894-4527-b61f-6992e43d20df,https://backend.trak.codes/api/v0/pdf/single-case?source=GSheets&filename=pass.pdf&cextid=d23b71d2-5894-4527-b61f-6992e43d20df&inline=true,Registered,https://api.qrserver.com/v1/create-qr-code/?size=4000x4000&data=d23b71d2-5894-4527-b61f-6992e43d20df
1301e21a-23c5-48f8-a671-cc3e3a1b116a,https://backend.trak.codes/api/v0/pdf/single-case?source=GSheets&filename=pass.pdf&cextid=1301e21a-23c5-48f8-a671-cc3e3a1b116a&inline=true,Registered,https://api.qrserver.com/v1/create-qr-code/?size=4000x4000&data=1301e21a-23c5-48f8-a671-cc3e3a1b116a
38ab9222-b4e6-4aa6-ad70-3e55e0ba5b2b,https://backend.trak.codes/api/v0/pdf/single-case?source=GSheets&filename=pass.pdf&cextid=38ab9222-b4e6-4aa6-ad70-3e55e0ba5b2b&inline=true,Registered,https://api.qrserver.com/v1/create-qr-code/?size=4000x4000&data=38ab9222-b4e6-4aa6-ad70-3e55e0ba5b2b
52f73fd5-d30c-4f12-8bdc-91f78fb0ee33,https://backend.trak.codes/api/v0/pdf/single-case?source=GSheets&filename=pass.pdf&cextid=52f73fd5-d30c-4f12-8bdc-91f78fb0ee33&inline=true,Registered,https://api.qrserver.com/v1/create-qr-code/?size=4000x4000&data=52f73fd5-d30c-4f12-8bdc-91f78fb0ee33
bfc22111-a49d-4d07-9d85-b1c8d68aebaf,https://backend.trak.codes/api/v0/pdf/single-case?source=GSheets&filename=pass.pdf&cextid=bfc22111-a49d-4d07-9d85-b1c8d68aebaf&inline=true,Registered,https://api.qrserver.com/v1/create-qr-code/?size=4000x4000&data=bfc22111-a49d-4d07-9d85-b1c8d68aebaf
5acc89ee-e709-43f6-b241-bdd03a7145f2,https://backend.trak.codes/api/v0/pdf/single-case?source=GSheets&filename=pass.pdf&cextid=5acc89ee-e709-43f6-b241-bdd03a7145f2&inline=true,Registered,https://api.qrserver.com/v1/create-qr-code/?size=4000x4000&data=5acc89ee-e709-43f6-b241-bdd03a7145f2
778cae3c-90a7-4902-925d-9780c7f8452b,https://backend.trak.codes/api/v0/pdf/single-case?source=GSheets&filename=pass.pdf&cextid=778cae3c-90a7-4902-925d-9780c7f8452b&inline=true,Registered,https://api.qrserver.com/v1/create-qr-code/?size=4000x4000&data=778cae3c-90a7-4902-925d-9780c7f8452b
82e6b79f-26a0-4552-a4af-07c50adcee72,https://backend.trak.codes/api/v0/pdf/single-case?source=GSheets&filename=pass.pdf&cextid=82e6b79f-26a0-4552-a4af-07c50adcee72&inline=true,Registered,https://api.qrserver.com/v1/create-qr-code/?size=4000x4000&data=82e6b79f-26a0-4552-a4af-07c50adcee72
c4d8b45b-d551-444e-96bb-b0da7e693f8a,https://backend.trak.codes/api/v0/pdf/single-case?source=GSheets&filename=pass.pdf&cextid=c4d8b45b-d551-444e-96bb-b0da7e693f8a&inline=true,Registered,https://api.qrserver.com/v1/create-qr-code/?size=4000x4000&data=c4d8b45b-d551-444e-96bb-b0da7e693f8a
9eeb2ca4-191b-4bea-aeab-1bf56a8499fb,https://backend.trak.codes/api/v0/pdf/single-case?source=GSheets&filename=pass.pdf&cextid=9eeb2ca4-191b-4bea-aeab-1bf56a8499fb&inline=true,Registered,https://api.qrserver.com/v1/create-qr-code/?size=4000x4000&data=9eeb2ca4-191b-4bea-aeab-1bf56a8499fb
b7bc9a13-f448-43cb-b223-debcdc72a9fa,https://backend.trak.codes/api/v0/pdf/single-case?source=GSheets&filename=pass.pdf&cextid=b7bc9a13-f448-43cb-b223-debcdc72a9fa&inline=true,Registered,https://api.qrserver.com/v1/create-qr-code/?size=4000x4000&data=b7bc9a13-f448-43cb-b223-debcdc72a9fa
40b7e8fd-80bc-4440-ba9f-2d7d6edb80d1,https://backend.trak.codes/api/v0/pdf/single-case?source=GSheets&filename=pass.pdf&cextid=40b7e8fd-80bc-4440-ba9f-2d7d6edb80d1&inline=true,Registered,https://api.qrserver.com/v1/create-qr-code/?size=4000x4000&data=40b7e8fd-80bc-4440-ba9f-2d7d6edb80d1
a727e2c9-99ea-4ed8-b227-9642c86db1e4,https://backend.trak.codes/api/v0/pdf/single-case?source=GSheets&filename=pass.pdf&cextid=a727e2c9-99ea-4ed8-b227-9642c86db1e4&inline=true,Registered,https://api.qrserver.com/v1/create-qr-code/?size=4000x4000&data=a727e2c9-99ea-4ed8-b227-9642c86db1e4
4ee3a8e9-cc8e-490a-a55e-48ebd8974983,https://backend.trak.codes/api/v0/pdf/single-case?source=GSheets&filename=pass.pdf&cextid=4ee3a8e9-cc8e-490a-a55e-48ebd8974983&inline=true,Registered,https://api.qrserver.com/v1/create-qr-code/?size=4000x4000&data=4ee3a8e9-cc8e-490a-a55e-48ebd8974983
203dd56f-690c-4601-a724-d22a495c015c,https://backend.trak.codes/api/v0/pdf/single-case?source=GSheets&filename=pass.pdf&cextid=203dd56f-690c-4601-a724-d22a495c015c&inline=true,Registered,https://api.qrserver.com/v1/create-qr-code/?size=4000x4000&data=203dd56f-690c-4601-a724-d22a495c015c
8b534f43-fa24-4c09-81f7-d8e5389d72e7,https://backend.trak.codes/api/v0/pdf/single-case?source=GSheets&filename=pass.pdf&cextid=8b534f43-fa24-4c09-81f7-d8e5389d72e7&inline=true,Registered,https://api.qrserver.com/v1/create-qr-code/?size=4000x4000&data=8b534f43-fa24-4c09-81f7-d8e5389d72e7
2e186e63-db3b-4d0a-8294-415a82e244cc,https://backend.trak.codes/api/v0/pdf/single-case?source=GSheets&filename=pass.pdf&cextid=2e186e63-db3b-4d0a-8294-415a82e244cc&inline=true,Registered,https://api.qrserver.com/v1/create-qr-code/?size=4000x4000&data=2e186e63-db3b-4d0a-8294-415a82e244cc
2a32ae58-fc81-41a2-9625-0687c83020ed,https://backend.trak.codes/api/v0/pdf/single-case?source=GSheets&filename=pass.pdf&cextid=2a32ae58-fc81-41a2-9625-0687c83020ed&inline=true,Registered,https://api.qrserver.com/v1/create-qr-code/?size=4000x4000&data=2a32ae58-fc81-41a2-9625-0687c83020ed
dcb411ff-e8de-4a0f-99fd-1d28dbcd4039,https://backend.trak.codes/api/v0/pdf/single-case?source=GSheets&filename=pass.pdf&cextid=dcb411ff-e8de-4a0f-99fd-1d28dbcd4039&inline=true,Registered,https://api.qrserver.com/v1/create-qr-code/?size=4000x4000&data=dcb411ff-e8de-4a0f-99fd-1d28dbcd4039
99263f38-d8d7-4801-b877-0e5f600d1230,https://backend.trak.codes/api/v0/pdf/single-case?source=GSheets&filename=pass.pdf&cextid=99263f38-d8d7-4801-b877-0e5f600d1230&inline=true,Registered,https://api.qrserver.com/v1/create-qr-code/?size=4000x4000&data=99263f38-d8d7-4801-b877-0e5f600d1230
fffad3b0-44ef-47a0-a725-d00f64dfed1d,https://backend.trak.codes/api/v0/pdf/single-case?source=GSheets&filename=pass.pdf&cextid=fffad3b0-44ef-47a0-a725-d00f64dfed1d&inline=true,Registered,https://api.qrserver.com/v1/create-qr-code/?size=4000x4000&data=fffad3b0-44ef-47a0-a725-d00f64dfed1d
3c780043-a631-4242-b68d-98f5ad0f0fd2,https://backend.trak.codes/api/v0/pdf/single-case?source=GSheets&filename=pass.pdf&cextid=3c780043-a631-4242-b68d-98f5ad0f0fd2&inline=true,Registered,https://api.qrserver.com/v1/create-qr-code/?size=4000x4000&data=3c780043-a631-4242-b68d-98f5ad0f0fd2
d7297f7f-c3bc-4842-8296-10977b6c9bb0,https://backend.trak.codes/api/v0/pdf/single-case?source=GSheets&filename=pass.pdf&cextid=d7297f7f-c3bc-4842-8296-10977b6c9bb0&inline=true,Registered,https://api.qrserver.com/v1/create-qr-code/?size=4000x4000&data=d7297f7f-c3bc-4842-8296-10977b6c9bb0
538c0c5e-9c22-48ac-9289-098c20392ab1,https://backend.trak.codes/api/v0/pdf/single-case?source=GSheets&filename=pass.pdf&cextid=538c0c5e-9c22-48ac-9289-098c20392ab1&inline=true,Registered,https://api.qrserver.com/v1/create-qr-code/?size=4000x4000&data=538c0c5e-9c22-48ac-9289-098c20392ab1
a0cbf587-49de-4ddb-9142-b39641c30c4e,https://backend.trak.codes/api/v0/pdf/single-case?source=GSheets&filename=pass.pdf&cextid=a0cbf587-49de-4ddb-9142-b39641c30c4e&inline=true,Registered,https://api.qrserver.com/v1/create-qr-code/?size=4000x4000&data=a0cbf587-49de-4ddb-9142-b39641c30c4e
2e7127ac-e3e1-4b96-9727-001ba2b42bee,https://backend.trak.codes/api/v0/pdf/single-case?source=GSheets&filename=pass.pdf&cextid=2e7127ac-e3e1-4b96-9727-001ba2b42bee&inline=true,Registered,https://api.qrserver.com/v1/create-qr-code/?size=4000x4000&data=2e7127ac-e3e1-4b96-9727-001ba2b42bee
b7eb2daa-87d1-4836-a8f3-cbf83fd1d17c,https://backend.trak.codes/api/v0/pdf/single-case?source=GSheets&filename=pass.pdf&cextid=b7eb2daa-87d1-4836-a8f3-cbf83fd1d17c&inline=true,Registered,https://api.qrserver.com/v1/create-qr-code/?size=4000x4000&data=b7eb2daa-87d1-4836-a8f3-cbf83fd1d17c
a3982a41-b045-4922-80b1-b037fd8f2551,https://backend.trak.codes/api/v0/pdf/single-case?source=GSheets&filename=pass.pdf&cextid=a3982a41-b045-4922-80b1-b037fd8f2551&inline=true,Registered,https://api.qrserver.com/v1/create-qr-code/?size=4000x4000&data=a3982a41-b045-4922-80b1-b037fd8f2551
6fa11186-e367-42c5-83ca-f0c998e93b46,https://backend.trak.codes/api/v0/pdf/single-case?source=GSheets&filename=pass.pdf&cextid=6fa11186-e367-42c5-83ca-f0c998e93b46&inline=true,Registered,https://api.qrserver.com/v1/create-qr-code/?size=4000x4000&data=6fa11186-e367-42c5-83ca-f0c998e93b46
9d7a2951-f0c5-4a68-9add-21c609f97612,https://backend.trak.codes/api/v0/pdf/single-case?source=GSheets&filename=pass.pdf&cextid=9d7a2951-f0c5-4a68-9add-21c609f97612&inline=true,Registered,https://api.qrserver.com/v1/create-qr-code/?size=4000x4000&data=9d7a2951-f0c5-4a68-9add-21c609f97612
41be449f-6a6f-4877-a03e-4be6da64f8d0,https://backend.trak.codes/api/v0/pdf/single-case?source=GSheets&filename=pass.pdf&cextid=41be449f-6a6f-4877-a03e-4be6da64f8d0&inline=true,Registered,https://api.qrserver.com/v1/create-qr-code/?size=4000x4000&data=41be449f-6a6f-4877-a03e-4be6da64f8d0
e61c9bae-3a54-410e-98ab-34ad4d9a70b2,https://backend.trak.codes/api/v0/pdf/single-case?source=GSheets&filename=pass.pdf&cextid=e61c9bae-3a54-410e-98ab-34ad4d9a70b2&inline=true,Registered,https://api.qrserver.com/v1/create-qr-code/?size=4000x4000&data=e61c9bae-3a54-410e-98ab-34ad4d9a70b2
759f85e2-3dc0-49ec-860b-e856cbb8b529,https://backend.trak.codes/api/v0/pdf/single-case?source=GSheets&filename=pass.pdf&cextid=759f85e2-3dc0-49ec-860b-e856cbb8b529&inline=true,Registered,https://api.qrserver.com/v1/create-qr-code/?size=4000x4000&data=759f85e2-3dc0-49ec-860b-e856cbb8b529
66224427-5553-4938-93e2-945c166f2089,https://backend.trak.codes/api/v0/pdf/single-case?source=GSheets&filename=pass.pdf&cextid=66224427-5553-4938-93e2-945c166f2089&inline=true,Registered,https://api.qrserver.com/v1/create-qr-code/?size=4000x4000&data=66224427-5553-4938-93e2-945c166f2089
f4b83874-8c44-418d-a174-02f2577cfe90,https://backend.trak.codes/api/v0/pdf/single-case?source=GSheets&filename=pass.pdf&cextid=f4b83874-8c44-418d-a174-02f2577cfe90&inline=true,Registered,https://api.qrserver.com/v1/create-qr-code/?size=4000x4000&data=f4b83874-8c44-418d-a174-02f2577cfe90
ea7a22a1-202c-4d13-be25-f3d5d997c61e,https://backend.trak.codes/api/v0/pdf/single-case?source=GSheets&filename=pass.pdf&cextid=ea7a22a1-202c-4d13-be25-f3d5d997c61e&inline=true,Registered,https://api.qrserver.com/v1/create-qr-code/?size=4000x4000&data=ea7a22a1-202c-4d13-be25-f3d5d997c61e
febb30db-7be1-4f5b-9f39-1b6155796524,https://backend.trak.codes/api/v0/pdf/single-case?source=GSheets&filename=pass.pdf&cextid=febb30db-7be1-4f5b-9f39-1b6155796524&inline=true,Registered,https://api.qrserver.com/v1/create-qr-code/?size=4000x4000&data=febb30db-7be1-4f5b-9f39-1b6155796524
33dbdb62-e898-4db3-9e8b-2dd19db76883,https://backend.trak.codes/api/v0/pdf/single-case?source=GSheets&filename=pass.pdf&cextid=33dbdb62-e898-4db3-9e8b-2dd19db76883&inline=true,Registered,https://api.qrserver.com/v1/create-qr-code/?size=4000x4000&data=33dbdb62-e898-4db3-9e8b-2dd19db76883
a36bcec7-655f-45a7-9f13-1f5d6e5a8e0b,https://backend.trak.codes/api/v0/pdf/single-case?source=GSheets&filename=pass.pdf&cextid=a36bcec7-655f-45a7-9f13-1f5d6e5a8e0b&inline=true,Registered,https://api.qrserver.com/v1/create-qr-code/?size=4000x4000&data=a36bcec7-655f-45a7-9f13-1f5d6e5a8e0b
349552ac-19b3-494c-b19f-f3acfebfd76b,https://backend.trak.codes/api/v0/pdf/single-case?source=GSheets&filename=pass.pdf&cextid=349552ac-19b3-494c-b19f-f3acfebfd76b&inline=true,Registered,https://api.qrserver.com/v1/create-qr-code/?size=4000x4000&data=349552ac-19b3-494c-b19f-f3acfebfd76b
73792970-a055-405a-9d2f-997e59a9956d,https://backend.trak.codes/api/v0/pdf/single-case?source=GSheets&filename=pass.pdf&cextid=73792970-a055-405a-9d2f-997e59a9956d&inline=true,Registered,https://api.qrserver.com/v1/create-qr-code/?size=4000x4000&data=73792970-a055-405a-9d2f-997e59a9956d
284c9b6d-30f4-4498-b253-c2ceeca7a52f,https://backend.trak.codes/api/v0/pdf/single-case?source=GSheets&filename=pass.pdf&cextid=284c9b6d-30f4-4498-b253-c2ceeca7a52f&inline=true,Registered,https://api.qrserver.com/v1/create-qr-code/?size=4000x4000&data=284c9b6d-30f4-4498-b253-c2ceeca7a52f
44ba9d93-ee18-4fcf-8d19-ccf9ee58d55a,https://backend.trak.codes/api/v0/pdf/single-case?source=GSheets&filename=pass.pdf&cextid=44ba9d93-ee18-4fcf-8d19-ccf9ee58d55a&inline=true,Registered,https://api.qrserver.com/v1/create-qr-code/?size=4000x4000&data=44ba9d93-ee18-4fcf-8d19-ccf9ee58d55a
23c3befe-04c5-457a-a50f-dd10241fec91,https://backend.trak.codes/api/v0/pdf/single-case?source=GSheets&filename=pass.pdf&cextid=23c3befe-04c5-457a-a50f-dd10241fec91&inline=true,Registered,https://api.qrserver.com/v1/create-qr-code/?size=4000x4000&data=23c3befe-04c5-457a-a50f-dd10241fec91
2d3daed2-892d-40e8-b962-4198df575a94,https://backend.trak.codes/api/v0/pdf/single-case?source=GSheets&filename=pass.pdf&cextid=2d3daed2-892d-40e8-b962-4198df575a94&inline=true,Registered,https://api.qrserver.com/v1/create-qr-code/?size=4000x4000&data=2d3daed2-892d-40e8-b962-4198df575a94
9a1df0fa-64ad-43ca-8a39-95c33acf1285,https://backend.trak.codes/api/v0/pdf/single-case?source=GSheets&filename=pass.pdf&cextid=9a1df0fa-64ad-43ca-8a39-95c33acf1285&inline=true,Registered,https://api.qrserver.com/v1/create-qr-code/?size=4000x4000&data=9a1df0fa-64ad-43ca-8a39-95c33acf1285
fa365dce-12e7-4e09-8f17-717cceba89ca,https://backend.trak.codes/api/v0/pdf/single-case?source=GSheets&filename=pass.pdf&cextid=fa365dce-12e7-4e09-8f17-717cceba89ca&inline=true,Registered,https://api.qrserver.com/v1/create-qr-code/?size=4000x4000&data=fa365dce-12e7-4e09-8f17-717cceba89ca