251B077,https://api.qrserver.com/v1/create-qr-code/?size=4000x4000&data=251B077
251B001,https://api.qrserver.com/v1/create-qr-code/?size=4000x4000&data=251B001
251B172,https://api.qrserver.com/v1/create-qr-code/?size=4000x4000&data=251B172
251B173,https://api.qrserver.com/v1/create-qr-code/?size=4000x4000&data=251B173
251B070,https://api.qrserver.com/v1/create-qr-code/?size=4000x4000&data=251B070
251B108,https://api.qrserver.com/v1/create-qr-code/?size=4000x4000&data=251B108
251B111,https://api.qrserver.com/v1/create-qr-code/?size=4000x4000&data=251B111
251B225,https://api.qrserver.com/v1/create-qr-code/?size=4000x4000&data=251B225
251B209,https://api.qrserver.com/v1/create-qr-code/?size=4000x4000&data=251B209
251B161,https://api.qrserver.com/v1/create-qr-code/?size=4000x4000&data=251B161
251B080,https://api.qrserver.com/v1/create-qr-code/?size=4000x4000&data=251B080
251B031,https://api.qrserver.com/v1/create-qr-code/?size=4000x4000&data=251B031
251B660,https://api.qrserver.com/v1/create-qr-code/?size=4000x4000&data=251B660
251B646,https://api.qrserver.com/v1/create-qr-code/?size=4000x4000&data=251B646
251B603,https://api.qrserver.com/v1/create-qr-code/?size=4000x4000&data=251B603
251B124,https://api.qrserver.com/v1/create-qr-code/?size=4000x4000&data=251B124
251B255,https://api.qrserver.com/v1/create-qr-code/?size=4000x4000&data=251B255
251B091,https://api.qrserver.com/v1/create-qr-code/?size=4000x4000&data=251B091
251B297,https://api.qrserver.com/v1/create-qr-code/?size=4000x4000&data=251B297
251B289,https://api.qrserver.com/v1/create-qr-code/?size=4000x4000&data=251B289
251B629,https://api.qrserver.com/v1/create-qr-code/?size=4000x4000&data=251B629
251B003,https://api.qrserver.com/v1/create-qr-code/?size=4000x4000&data=251B003
251B024,https://api.qrserver.com/v1/create-qr-code/?size=4000x4000&data=251B024
251B100,https://api.qrserver.com/v1/create-qr-code/?size=4000x4000&data=251B100
251C004,https://api.qrserver.com/v1/create-qr-code/?size=4000x4000&data=251C004
251B110,https://api.qrserver.com/v1/create-qr-code/?size=4000x4000&data=251B110
251B716,https://api.qrserver.com/v1/create-qr-code/?size=4000x4000&data=251B716
251B655,https://api.qrserver.com/v1/create-qr-code/?size=4000x4000&data=251B655
251B086,https://api.qrserver.com/v1/create-qr-code/?size=4000x4000&data=251B086
251B232,https://api.qrserver.com/v1/create-qr-code/?size=4000x4000&data=251B232
251B658,https://api.qrserver.com/v1/create-qr-code/?size=4000x4000&data=251B658
251B654,https://api.qrserver.com/v1/create-qr-code/?size=4000x4000&data=251B654
251B271,https://api.qrserver.com/v1/create-qr-code/?size=4000x4000&data=251B271
241B625,https://api.qrserver.com/v1/create-qr-code/?size=4000x4000&data=241B625
241B241,https://api.qrserver.com/v1/create-qr-code/?size=4000x4000&data=241B241
241B298,https://api.qrserver.com/v1/create-qr-code/?size=4000x4000&data=241B298
241B624,https://api.qrserver.com/v1/create-qr-code/?size=4000x4000&data=241B624
241B092,https://api.qrserver.com/v1/create-qr-code/?size=4000x4000&data=241B092
241B054,https://api.qrserver.com/v1/create-qr-code/?size=4000x4000&data=241B054
241B612,https://api.qrserver.com/v1/create-qr-code/?size=4000x4000&data=241B612
241B294I,https://api.qrserver.com/v1/create-qr-code/?size=4000x4000&data=241B294I
241B240,https://api.qrserver.com/v1/create-qr-code/?size=4000x4000&data=241B240
241B302,https://api.qrserver.com/v1/create-qr-code/?size=4000x4000&data=241B302
241B225,https://api.qrserver.com/v1/create-qr-code/?size=4000x4000&data=241B225
241B224,https://api.qrserver.com/v1/create-qr-code/?size=4000x4000&data=241B224
241B103,https://api.qrserver.com/v1/create-qr-code/?size=4000x4000&data=241B103
241B123,https://api.qrserver.com/v1/create-qr-code/?size=4000x4000&data=241B123
241B208,https://api.qrserver.com/v1/create-qr-code/?size=4000x4000&data=241B208
241B310,https://api.qrserver.com/v1/create-qr-code/?size=4000x4000&data=241B310
241B002,https://api.qrserver.com/v1/create-qr-code/?size=4000x4000&data=241B002
241B631,https://api.qrserver.com/v1/create-qr-code/?size=4000x4000&data=241B631
241B628,https://api.qrserver.com/v1/create-qr-code/?size=4000x4000&data=241B628
241B609,https://api.qrserver.com/v1/create-qr-code/?size=4000x4000&data=241B609
241B020,https://api.qrserver.com/v1/create-qr-code/?size=4000x4000&data=241B020
241B626,https://api.qrserver.com/v1/create-qr-code/?size=4000x4000&data=241B626
241B260,https://api.qrserver.com/v1/create-qr-code/?size=4000x4000&data=241B260
241B194,https://api.qrserver.com/v1/create-qr-code/?size=4000x4000&data=241B194
241B215,https://api.qrserver.com/v1/create-qr-code/?size=4000x4000&data=241B215
241B192,https://api.qrserver.com/v1/create-qr-code/?size=4000x4000&data=241B192
241B200,https://api.qrserver.com/v1/create-qr-code/?size=4000x4000&data=241B200
241B274,https://api.qrserver.com/v1/create-qr-code/?size=4000x4000&data=241B274
241B214,https://api.qrserver.com/v1/create-qr-code/?size=4000x4000&data=241B214
241B047,https://api.qrserver.com/v1/create-qr-code/?size=4000x4000&data=241B047
241B125,https://api.qrserver.com/v1/create-qr-code/?size=4000x4000&data=241B125
241B095,https://api.qrserver.com/v1/create-qr-code/?size=4000x4000&data=241B095
241B285,https://api.qrserver.com/v1/create-qr-code/?size=4000x4000&data=241B285
231B160,https://api.qrserver.com/v1/create-qr-code/?size=4000x4000&data=231B160
231B182,https://api.qrserver.com/v1/create-qr-code/?size=4000x4000&data=231B182
231B410,https://api.qrserver.com/v1/create-qr-code/?size=4000x4000&data=231B410
231B203,https://api.qrserver.com/v1/create-qr-code/?size=4000x4000&data=231B203
231B161,https://api.qrserver.com/v1/create-qr-code/?size=4000x4000&data=231B161
231B435,https://api.qrserver.com/v1/create-qr-code/?size=4000x4000&data=231B435
231B280,https://api.qrserver.com/v1/create-qr-code/?size=4000x4000&data=231B280
231B271,https://api.qrserver.com/v1/create-qr-code/?size=4000x4000&data=231B271
231B389,https://api.qrserver.com/v1/create-qr-code/?size=4000x4000&data=231B389
231B104,https://api.qrserver.com/v1/create-qr-code/?size=4000x4000&data=231B104
231B050,https://api.qrserver.com/v1/create-qr-code/?size=4000x4000&data=231B050
231B422,https://api.qrserver.com/v1/create-qr-code/?size=4000x4000&data=231B422
231B217,https://api.qrserver.com/v1/create-qr-code/?size=4000x4000&data=231B217
231B292,https://api.qrserver.com/v1/create-qr-code/?size=4000x4000&data=231B292
231B351,https://api.qrserver.com/v1/create-qr-code/?size=4000x4000&data=231B351
231B187,https://api.qrserver.com/v1/create-qr-code/?size=4000x4000&data=231B187
231B406,https://api.qrserver.com/v1/create-qr-code/?size=4000x4000&data=231B406
231B226,https://api.qrserver.com/v1/create-qr-code/?size=4000x4000&data=231B226
231B358,https://api.qrserver.com/v1/create-qr-code/?size=4000x4000&data=231B358
231B345,https://api.qrserver.com/v1/create-qr-code/?size=4000x4000&data=231B345
231B035,https://api.qrserver.com/v1/create-qr-code/?size=4000x4000&data=231B035
231B310,https://api.qrserver.com/v1/create-qr-code/?size=4000x4000&data=231B310
231B102,https://api.qrserver.com/v1/create-qr-code/?size=4000x4000&data=231B102
231B118,https://api.qrserver.com/v1/create-qr-code/?size=4000x4000&data=231B118
231B088,https://api.qrserver.com/v1/create-qr-code/?size=4000x4000&data=231B088
231B119,https://api.qrserver.com/v1/create-qr-code/?size=4000x4000&data=231B119
231B123,https://api.qrserver.com/v1/create-qr-code/?size=4000x4000&data=231B123
231B133,https://api.qrserver.com/v1/create-qr-code/?size=4000x4000&data=231B133
231B026,https://api.qrserver.com/v1/create-qr-code/?size=4000x4000&data=231B026
231B002,https://api.qrserver.com/v1/create-qr-code/?size=4000x4000&data=231B002
231B398,https://api.qrserver.com/v1/create-qr-code/?size=4000x4000&data=231B398
231B051,https://api.qrserver.com/v1/create-qr-code/?size=4000x4000&data=231B051
231B109,https://api.qrserver.com/v1/create-qr-code/?size=4000x4000&data=231B109
231B441,https://api.qrserver.com/v1/create-qr-code/?size=4000x4000&data=231B441
231B246,https://api.qrserver.com/v1/create-qr-code/?size=4000x4000&data=231B246
231B124,https://api.qrserver.com/v1/create-qr-code/?size=4000x4000&data=231B124
231B344,https://api.qrserver.com/v1/create-qr-code/?size=4000x4000&data=231B344
231B186,https://api.qrserver.com/v1/create-qr-code/?size=4000x4000&data=231B186
231B335,https://api.qrserver.com/v1/create-qr-code/?size=4000x4000&data=231B335
231B408,https://api.qrserver.com/v1/create-qr-code/?size=4000x4000&data=231B408
231B266,https://api.qrserver.com/v1/create-qr-code/?size=4000x4000&data=231B266
231B169,https://api.qrserver.com/v1/create-qr-code/?size=4000x4000&data=231B169
231B262,https://api.qrserver.com/v1/create-qr-code/?size=4000x4000&data=231B262
231B317,https://api.qrserver.com/v1/create-qr-code/?size=4000x4000&data=231B317
231D002,https://api.qrserver.com/v1/create-qr-code/?size=4000x4000&data=231D002
231B328,https://api.qrserver.com/v1/create-qr-code/?size=4000x4000&data=231B328
231B355,https://api.qrserver.com/v1/create-qr-code/?size=4000x4000&data=231B355
231A004,https://api.qrserver.com/v1/create-qr-code/?size=4000x4000&data=231A004
231B322,https://api.qrserver.com/v1/create-qr-code/?size=4000x4000&data=231B322
231B333,https://api.qrserver.com/v1/create-qr-code/?size=4000x4000&data=231B333
231B315,https://api.qrserver.com/v1/create-qr-code/?size=4000x4000&data=231B315
231B289,https://api.qrserver.com/v1/create-qr-code/?size=4000x4000&data=231B289
231B204,https://api.qrserver.com/v1/create-qr-code/?size=4000x4000&data=231B204
231B261,https://api.qrserver.com/v1/create-qr-code/?size=4000x4000&data=231B261
231B281,https://api.qrserver.com/v1/create-qr-code/?size=4000x4000&data=231B281
231B353,https://api.qrserver.com/v1/create-qr-code/?size=4000x4000&data=231B353
231B199,https://api.qrserver.com/v1/create-qr-code/?size=4000x4000&data=231B199
231B429,https://api.qrserver.com/v1/create-qr-code/?size=4000x4000&data=231B429
221B149,https://api.qrserver.com/v1/create-qr-code/?size=4000x4000&data=221B149
221B420,https://api.qrserver.com/v1/create-qr-code/?size=4000x4000&data=221B420
221B189,https://api.qrserver.com/v1/create-qr-code/?size=4000x4000&data=221B189
221B197,https://api.qrserver.com/v1/create-qr-code/?size=4000x4000&data=221B197
221B015,https://api.qrserver.com/v1/create-qr-code/?size=4000x4000&data=221B015
221B024,https://api.qrserver.com/v1/create-qr-code/?size=4000x4000&data=221B024
221B404,https://api.qrserver.com/v1/create-qr-code/?size=4000x4000&data=221B404
221B276,https://api.qrserver.com/v1/create-qr-code/?size=4000x4000&data=221B276
221B231,https://api.qrserver.com/v1/create-qr-code/?size=4000x4000&data=221B231
221B472,https://api.qrserver.com/v1/create-qr-code/?size=4000x4000&data=221B472
221B201,https://api.qrserver.com/v1/create-qr-code/?size=4000x4000&data=221B201
221B480,https://api.qrserver.com/v1/create-qr-code/?size=4000x4000&data=221B480
221B355,https://api.qrserver.com/v1/create-qr-code/?size=4000x4000&data=221B355
221B405,https://api.qrserver.com/v1/create-qr-code/?size=4000x4000&data=221B405
221B384,https://api.qrserver.com/v1/create-qr-code/?size=4000x4000&data=221B384
221B369,https://api.qrserver.com/v1/create-qr-code/?size=4000x4000&data=221B369
251B640,https://api.qrserver.com/v1/create-qr-code/?size=4000x4000&data=251B640
